<?xml version="1.0" encoding="UTF-8"?>
<project-private xmlns="http://www.netbeans.org/ns/project-private/1">
    <editor-bookmarks xmlns="http://www.netbeans.org/ns/editor-bookmarks/2" lastBookmarkId="0"/>
    <open-files xmlns="http://www.netbeans.org/ns/projectui-open-files/2">
        <group>
            <file>file:/home/sd/NetBeansProjects/CRS_Complete/src/CRS/Reservation.java</file>
            <file>file:/home/sd/NetBeansProjects/CRS_Complete/src/CRS/Sign_up.java</file>
            <file>file:/home/sd/NetBeansProjects/CRS_Complete/src/CRS/AddComputers.java</file>
            <file>file:/home/sd/NetBeansProjects/CRS_Complete/src/CRS/Admin_sign_in.java</file>
            <file>file:/home/sd/NetBeansProjects/CRS_Complete/src/CRS/LoginForm.java</file>
        </group>
    </open-files>
</project-private>
